{
  "config": {
    "data_root": "assert/CVC-ColonDB",
    "checkpoint": "work_dir/MedSAM/medsam_vit_b.pth",
    "device": "cuda:0",
    "n_calibration": 128,
    "batch_size": 4,
    "output_dir": "results/phase1",
    "seed": 42,
    "sparsities": [
      0.3,
      0.5,
      0.7
    ],
    "epsilons": [
      0.01,
      0.05,
      0.1
    ]
  },
  "baseline": {
    "mean_dice": 0.9094760568242837,
    "std_dice": 0.07238244784126627,
    "mean_iou": 0.8411303990768089,
    "std_iou": 0.10816923203882019,
    "mean_boundary_f1": 0.4416918023993829,
    "std_boundary_f1": 0.18700269375900488,
    "mean_hd95": 9.095617577365767,
    "std_hd95": 15.366196512807022,
    "kept_heads": 144,
    "total_heads": 144,
    "head_sparsity": 0.0
  },
  "experiments": [
    {
      "mean_dice": 0.9003928222960532,
      "std_dice": 0.07045700546181101,
      "mean_iou": 0.8255886916881656,
      "std_iou": 0.10576369290163327,
      "mean_boundary_f1": 0.39957266171901235,
      "std_boundary_f1": 0.17759429880021993,
      "mean_hd95": 11.197314700332397,
      "std_hd95": 16.875051559900314,
      "kept_heads": 101.0,
      "total_heads": 144.0,
      "head_sparsity": 0.29861111111111116,
      "method": "random",
      "sparsity": 0.3,
      "n_seeds": 3
    },
    {
      "mean_dice": 0.865170851734675,
      "std_dice": 0.07664629413261878,
      "mean_iou": 0.7698172740628414,
      "std_iou": 0.11067622255852304,
      "mean_boundary_f1": 0.28807968306845005,
      "std_boundary_f1": 0.1457022521593553,
      "mean_hd95": 18.909539414793024,
      "std_hd95": 20.142748970468308,
      "kept_heads": 101,
      "total_heads": 144,
      "head_sparsity": 0.29861111111111116,
      "method": "magnitude",
      "sparsity": 0.3
    },
    {
      "mean_dice": 0.8459420080681945,
      "std_dice": 0.10880767497826652,
      "mean_iou": 0.7457437873131741,
      "std_iou": 0.13713293647011357,
      "mean_boundary_f1": 0.2749552405024945,
      "std_boundary_f1": 0.14317012285000127,
      "mean_hd95": 22.042328928416254,
      "std_hd95": 28.112539934321294,
      "kept_heads": 101,
      "total_heads": 144,
      "head_sparsity": 0.29861111111111116,
      "method": "pointwise",
      "sparsity": 0.3
    },
    {
      "mean_dice": 0.8629816019196672,
      "std_dice": 0.09195107029341458,
      "mean_iou": 0.7688889127090265,
      "std_iou": 0.12362550937691517,
      "mean_boundary_f1": 0.27743100659121006,
      "std_boundary_f1": 0.1468010627842039,
      "mean_hd95": 17.404923912012574,
      "std_hd95": 21.205411669536648,
      "kept_heads": 101,
      "total_heads": 144,
      "head_sparsity": 0.29861111111111116,
      "method": "ewr_eps0.01",
      "sparsity": 0.3
    },
    {
      "mean_dice": 0.857035186220728,
      "std_dice": 0.09668485279721516,
      "mean_iou": 0.760407595017318,
      "std_iou": 0.12682151491196508,
      "mean_boundary_f1": 0.27249951647821924,
      "std_boundary_f1": 0.1379642236281054,
      "mean_hd95": 18.423241932283908,
      "std_hd95": 21.92870637288741,
      "kept_heads": 101,
      "total_heads": 144,
      "head_sparsity": 0.29861111111111116,
      "method": "ewr_eps0.05",
      "sparsity": 0.3
    },
    {
      "mean_dice": 0.8639331714430061,
      "std_dice": 0.08357202077637295,
      "mean_iou": 0.7689166935621089,
      "std_iou": 0.11592958173253377,
      "mean_boundary_f1": 0.27200946334623793,
      "std_boundary_f1": 0.14103923836263813,
      "mean_hd95": 17.406377280985488,
      "std_hd95": 20.328954762011115,
      "kept_heads": 101,
      "total_heads": 144,
      "head_sparsity": 0.29861111111111116,
      "method": "ewr_eps0.1",
      "sparsity": 0.3
    },
    {
      "mean_dice": 0.8599793130708063,
      "std_dice": 0.07947415291607995,
      "mean_iou": 0.7623877206882032,
      "std_iou": 0.11471002626862851,
      "mean_boundary_f1": 0.2762183659474197,
      "std_boundary_f1": 0.1412169025782135,
      "mean_hd95": 20.725515985574614,
      "std_hd95": 25.26698672326833,
      "kept_heads": 72.0,
      "total_heads": 144.0,
      "head_sparsity": 0.5,
      "method": "random",
      "sparsity": 0.5,
      "n_seeds": 3
    },
    {
      "mean_dice": 0.8186978968498061,
      "std_dice": 0.08246811257671638,
      "mean_iou": 0.700963967053668,
      "std_iou": 0.11380090451103679,
      "mean_boundary_f1": 0.21080698296548872,
      "std_boundary_f1": 0.11032270014519126,
      "mean_hd95": 31.730964119328156,
      "std_hd95": 30.210628846778967,
      "kept_heads": 72,
      "total_heads": 144,
      "head_sparsity": 0.5,
      "method": "magnitude",
      "sparsity": 0.5
    },
    {
      "mean_dice": 0.8147564142638022,
      "std_dice": 0.08654896425617013,
      "mean_iou": 0.6958579555622989,
      "std_iou": 0.11639142115859978,
      "mean_boundary_f1": 0.20700546043554935,
      "std_boundary_f1": 0.120928050632401,
      "mean_hd95": 31.88252926169251,
      "std_hd95": 32.738219801299735,
      "kept_heads": 72,
      "total_heads": 144,
      "head_sparsity": 0.5,
      "method": "pointwise",
      "sparsity": 0.5
    },
    {
      "mean_dice": 0.8178486610227099,
      "std_dice": 0.08405116878895633,
      "mean_iou": 0.6998648545530439,
      "std_iou": 0.11373302603539019,
      "mean_boundary_f1": 0.2099194099573791,
      "std_boundary_f1": 0.10385521726472859,
      "mean_hd95": 31.480810235072376,
      "std_hd95": 32.25315966493808,
      "kept_heads": 72,
      "total_heads": 144,
      "head_sparsity": 0.5,
      "method": "ewr_eps0.01",
      "sparsity": 0.5
    },
    {
      "mean_dice": 0.8214255876274426,
      "std_dice": 0.08472103727093176,
      "mean_iou": 0.7051959472449127,
      "std_iou": 0.11506965248107373,
      "mean_boundary_f1": 0.21102345151277951,
      "std_boundary_f1": 0.1070932584908287,
      "mean_hd95": 32.10889396058654,
      "std_hd95": 33.537612131315186,
      "kept_heads": 72,
      "total_heads": 144,
      "head_sparsity": 0.5,
      "method": "ewr_eps0.05",
      "sparsity": 0.5
    },
    {
      "mean_dice": 0.825123726315637,
      "std_dice": 0.0857240763288599,
      "mean_iou": 0.7107206613972339,
      "std_iou": 0.11587952078891516,
      "mean_boundary_f1": 0.21111792276241942,
      "std_boundary_f1": 0.10502108750598559,
      "mean_hd95": 29.285619752467845,
      "std_hd95": 32.26346616769826,
      "kept_heads": 72,
      "total_heads": 144,
      "head_sparsity": 0.5,
      "method": "ewr_eps0.1",
      "sparsity": 0.5
    },
    {
      "mean_dice": 0.7948402613110147,
      "std_dice": 0.08816675075986075,
      "mean_iou": 0.668218520044192,
      "std_iou": 0.11713894698317617,
      "mean_boundary_f1": 0.1625464136490112,
      "std_boundary_f1": 0.10561334415529766,
      "mean_hd95": 36.14452931393489,
      "std_hd95": 35.005275269774906,
      "kept_heads": 44.0,
      "total_heads": 144.0,
      "head_sparsity": 0.6944444444444443,
      "method": "random",
      "sparsity": 0.7,
      "n_seeds": 3
    },
    {
      "mean_dice": 0.7747003578005899,
      "std_dice": 0.09169442027847606,
      "mean_iou": 0.6408822712059153,
      "std_iou": 0.11596281760845972,
      "mean_boundary_f1": 0.14597625013850377,
      "std_boundary_f1": 0.09163469992731821,
      "mean_hd95": 38.676590981110024,
      "std_hd95": 33.80817416474028,
      "kept_heads": 44,
      "total_heads": 144,
      "head_sparsity": 0.6944444444444444,
      "method": "magnitude",
      "sparsity": 0.7
    },
    {
      "mean_dice": 0.7816236532815424,
      "std_dice": 0.09995663568578234,
      "mean_iou": 0.652049492505182,
      "std_iou": 0.12890450007806778,
      "mean_boundary_f1": 0.16713407594298668,
      "std_boundary_f1": 0.10948865719509053,
      "mean_hd95": 38.687023007647845,
      "std_hd95": 39.95120069760087,
      "kept_heads": 44,
      "total_heads": 144,
      "head_sparsity": 0.6944444444444444,
      "method": "pointwise",
      "sparsity": 0.7
    },
    {
      "mean_dice": 0.7911458120764748,