{
  "config": {
    "dataset": "CVC-ColonDB",
    "data_root": "assert/CVC-ColonDB",
    "checkpoint": "work_dir/MedSAM/medsam_vit_b.pth",
    "device": "cuda:0",
    "n_calibration": 128,
    "batch_size": 4,
    "output_dir": "results/phase1",
    "seed": 42,
    "sparsities": [
      0.3,
      0.5,
      0.7
    ],
    "epsilons": [
      0.01,
      0.05,
      0.1
    ],
    "lambda1": 0.01,
    "multi_seed": false
  },
  "baseline": {
    "mean_dice": 0.909053432255134,
    "std_dice": 0.07228884637066436,
    "mean_iou": 0.8404334922595835,
    "std_iou": 0.10849082682165233,
    "mean_boundary_f1": 0.4415838429007951,
    "std_boundary_f1": 0.18369026243139108,
    "mean_hd95": 9.311914206711176,
    "std_hd95": 15.652537772271899,
    "kept_heads": 144,
    "total_heads": 144,
    "head_sparsity": 0.0
  },
  "experiments": [
    {
      "mean_dice": 0.8951902400320987,
      "std_mean_dice": 0.004699602410030568,
      "std_dice": 0.0721762721519509,
      "std_std_dice": 0.0010049029383465756,
      "mean_iou": 0.8172153574586081,
      "std_mean_iou": 0.007551039799460803,
      "std_iou": 0.10653500204121785,
      "std_std_iou": 0.001913951139998226,
      "mean_boundary_f1": 0.3896232162623618,
      "std_mean_boundary_f1": 0.012120359600869334,
      "std_boundary_f1": 0.1659375344558797,
      "std_std_boundary_f1": 0.0037939082377479697,
      "mean_hd95": 13.493065225747474,
      "std_mean_hd95": 0.8303575667305843,
      "std_hd95": 21.063759289319822,
      "std_std_hd95": 1.1578366475380535,
      "kept_heads": 101.0,
      "std_kept_heads": 0.0,
      "total_heads": 144.0,
      "std_total_heads": 0.0,
      "head_sparsity": 0.29861111111111116,
      "std_head_sparsity": 0.0,
      "method": "random",
      "sparsity": 0.3,
      "n_seeds": 3
    },
    {
      "mean_dice": 0.8778382343084301,
      "std_dice": 0.07439700239044476,
      "mean_iou": 0.7895861691518248,
      "std_iou": 0.11075956554689655,
      "mean_boundary_f1": 0.35208339815800543,
      "std_boundary_f1": 0.1658017063338203,
      "mean_hd95": 17.545882613632617,
      "std_hd95": 20.966762225456744,
      "kept_heads": 101,
      "total_heads": 144,
      "head_sparsity": 0.29861111111111116,
      "method": "magnitude",
      "sparsity": 0.3
    },
    {
      "mean_dice": 0.9063435595083787,
      "std_dice": 0.0728615744160125,
      "mean_iou": 0.8358810321080181,
      "std_iou": 0.10804681242809569,
      "mean_boundary_f1": 0.4319355238348553,
      "std_boundary_f1": 0.18544609244761276,
      "mean_hd95": 9.906505666020509,
      "std_hd95": 17.049676952621322,
      "kept_heads": 101,
      "total_heads": 144,
      "head_sparsity": 0.29861111111111116,
      "method": "pointwise",
      "sparsity": 0.3
    },
    {
      "mean_dice": 0.8896908489261425,
      "std_dice": 0.08210005414764064,
      "mean_iou": 0.8100909407920062,
      "std_iou": 0.11962309689713943,
      "mean_boundary_f1": 0.3946863304523993,
      "std_boundary_f1": 0.18336563589182744,
      "mean_hd95": 14.240285496689165,
      "std_hd95": 22.00552168002956,
      "kept_heads": 101,
      "total_heads": 144,
      "head_sparsity": 0.29861111111111116,
      "method": "ewr_eps0.01",
      "sparsity": 0.3
    },
    {
      "mean_dice": 0.8899863703724049,
      "std_dice": 0.0814769251759179,
      "mean_iou": 0.810442623668687,
      "std_iou": 0.11876272502687914,
      "mean_boundary_f1": 0.3934132382323752,
      "std_boundary_f1": 0.18280851940079187,
      "mean_hd95": 14.156069166879469,
      "std_hd95": 21.943659521240637,
      "kept_heads": 101,
      "total_heads": 144,
      "head_sparsity": 0.29861111111111116,
      "method": "ewr_eps0.05",
      "sparsity": 0.3
    },
    {
      "mean_dice": 0.891097875907858,
      "std_dice": 0.08006166811826426,
      "mean_iou": 0.8120009945995338,
      "std_iou": 0.1172882369177152,
      "mean_boundary_f1": 0.3970625703916829,
      "std_boundary_f1": 0.18179703795826557,
      "mean_hd95": 14.001036570528818,
      "std_hd95": 21.840061179581657,
      "kept_heads": 101,
      "total_heads": 144,
      "head_sparsity": 0.29861111111111116,
      "method": "ewr_eps0.1",
      "sparsity": 0.3
    },
    {
      "mean_dice": 0.8627838068759536,
      "std_mean_dice": 0.008162949502092084,
      "std_dice": 0.0770301396982326,
      "std_std_dice": 0.00167412985193949,
      "mean_iou": 0.7662595821137259,
      "std_mean_iou": 0.01235983649562872,
      "std_iou": 0.11111497662153284,
      "std_std_iou": 0.001704454928167697,
      "mean_boundary_f1": 0.2878113894510008,
      "std_mean_boundary_f1": 0.018497363962108545,
      "std_boundary_f1": 0.14548868245199734,
      "std_std_boundary_f1": 0.00984575393085579,
      "mean_hd95": 21.078609287862232,
      "std_mean_hd95": 2.127053024499333,
      "std_hd95": 25.644585609610004,
      "std_std_hd95": 4.254573355135666,
      "kept_heads": 72.0,
      "std_kept_heads": 0.0,
      "total_heads": 144.0,
      "std_total_heads": 0.0,
      "head_sparsity": 0.5,
      "std_head_sparsity": 0.0,
      "method": "random",
      "sparsity": 0.5,
      "n_seeds": 3
    },
    {
      "mean_dice": 0.8228929531160166,
      "std_dice": 0.09066963753770062,
      "mean_iou": 0.708347243753341,
      "std_iou": 0.12147961250716022,
      "mean_boundary_f1": 0.23523216570459685,
      "std_boundary_f1": 0.1390774289839609,
      "mean_hd95": 29.35889044505613,
      "std_hd95": 28.248304704067536,
      "kept_heads": 72,
      "total_heads": 144,
      "head_sparsity": 0.5,
      "method": "magnitude",
      "sparsity": 0.5
    },
    {
      "mean_dice": 0.8933044859725822,
      "std_dice": 0.0908916862766241,
      "mean_iou": 0.8172684421904721,
      "std_iou": 0.12444647309265973,
      "mean_boundary_f1": 0.40702357185223975,
      "std_boundary_f1": 0.1810884215300928,
      "mean_hd95": 13.611748465361272,
      "std_hd95": 22.605457791769794,
      "kept_heads": 72,
      "total_heads": 144,
      "head_sparsity": 0.5,
      "method": "pointwise",
      "sparsity": 0.5
    },
    {
      "mean_dice": 0.8451483270855283,
      "std_dice": 0.08473561212716078,
      "mean_iou": 0.7405171519871127,
      "std_iou": 0.11919603177777745,
      "mean_boundary_f1": 0.27771322459070985,
      "std_boundary_f1": 0.14844756057160702,
      "mean_hd95": 25.300287865733104,
      "std_hd95": 28.63301081944329,
      "kept_heads": 72,
      "total_heads": 144,
      "head_sparsity": 0.5,
      "method": "ewr_eps0.01",
      "sparsity": 0.5
    },
    {
      "mean_dice": 0.8474558223320794,
      "std_dice": 0.08403702445305569,
      "mean_iou": 0.7438768193632543,
      "std_iou": 0.1184479693326376,
      "mean_boundary_f1": 0.28267494235974033,
      "std_boundary_f1": 0.15402543271388838,
      "mean_hd95": 24.909788097008306,
      "std_hd95": 27.93000553025982,
      "kept_heads": 72,
      "total_heads": 144,
      "head_sparsity": 0.5,
      "method": "ewr_eps0.05",
      "sparsity": 0.5
    },
    {
      "mean_dice": 0.8469610407283242,
      "std_dice": 0.08538756892151354,
      "mean_iou": 0.7433677957056585,
      "std_iou": 0.1198423736118633,
      "mean_boundary_f1": 0.2840862315800632,
      "std_boundary_f1": 0.15146016725211697,
      "mean_hd95": 25.042882188057348,
      "std_hd95": 28.297844988478037,
      "kept_heads": 72,
      "total_heads": 144,
      "head_sparsity": 0.5,
      "method": "ewr_eps0.1",
      "sparsity": 0.5
    },
    {
      "mean_dice": 0.8141365930559136,
      "std_mean_dice": 0.00751675961413976,
      "std_dice": 0.08732856918244519,
      "std_std_dice": 0.0064494387030462,
      "mean_iou": 0.6952061500373229,
      "std_mean_iou": 0.010405439704340222,
      "std_iou": 0.11725738176966892,
      "std_std_iou": 0.005105981184949566,
      "mean_boundary_f1": 0.18566293558091676,
      "std_mean_boundary_f1": 0.010008612419987852,
      "std_boundary_f1": 0.11492330452568571,