{
  "config": {
    "medsam_ckpt": "work_dir/MedSAM/medsam_vit_b.pth",
    "sam_ckpt": "work_dir/SAM/sam_vit_b_01ec64.pth",
    "data_root": "assert/CVC-ColonDB",
    "device": "cuda:1",
    "n_cal": 128,
    "batch_size": 1,
    "num_workers": 4,
    "seed": 42,
    "sparsities": [
      0.3,
      0.5,
      0.7
    ],
    "alpha_values": [
      0.0,
      0.2,
      0.5,
      0.8,
      1.0
    ],
    "output_dir": "results/pilot_dual",
    "random_seeds": [
      42,
      123,
      456
    ]
  },
  "baseline": {
    "mean_dice": 0.9093731462898981,
    "std_dice": 0.07188913976838042,
    "mean_iou": 0.8408625099296667,
    "std_iou": 0.10749251605242158,
    "mean_boundary_f1": 0.44208046822008124,
    "std_boundary_f1": 0.18325657519265545,
    "mean_hd95": 9.244088927942341,
    "std_hd95": 15.398197828197253,
    "kept_heads": 144,
    "total_heads": 144,
    "head_sparsity": 0.0
  },
  "score_summary": {
    "delta_zero_mean": 105479.734375,
    "delta_zero_std": 105948.6015625,
    "delta_reset_mean": 58350.3203125,
    "delta_reset_std": 48838.10546875,
    "correlation_zero_reset": 0.9468632936477661,
    "reset_zero_ratio": 0.5531898736953735
  },
  "experiments": [
    {
      "mean_dice": 0.8950181756623854,
      "std_mean_dice": 0.004298933170579655,
      "std_dice": 0.07237468904656517,
      "std_std_dice": 0.0008579393387411904,
      "mean_iou": 0.816955844435913,
      "std_mean_iou": 0.006863917352342139,
      "std_iou": 0.10671585922638432,
      "std_std_iou": 0.0021038123570681663,
      "mean_boundary_f1": 0.38946172763806164,
      "std_mean_boundary_f1": 0.010673184927411095,
      "std_boundary_f1": 0.16718385658183196,
      "std_std_boundary_f1": 0.00241526522303104,
      "mean_hd95": 13.539911325622702,
      "std_mean_hd95": 0.7172913419476415,
      "std_hd95": 21.056843432336837,
      "std_std_hd95": 1.1059110245464403,
      "kept_heads": 101.0,
      "std_kept_heads": 0.0,
      "total_heads": 144.0,
      "std_total_heads": 0.0,
      "head_sparsity": 0.29861111111111116,
      "std_head_sparsity": 0.0,
      "method": "random",
      "sparsity": 0.3,
      "n_seeds": 3,
      "alpha": null
    },
    {
      "mean_dice": 0.890528772048777,
      "std_dice": 0.08072196762393828,
      "mean_iou": 0.8111964361539346,
      "std_iou": 0.11804809388953146,
      "mean_boundary_f1": 0.3940996726587231,
      "std_boundary_f1": 0.18312790761221276,
      "mean_hd95": 14.098973248768212,
      "std_hd95": 21.88206284889026,
      "kept_heads": 101,
      "total_heads": 144,
      "head_sparsity": 0.29861111111111116,
      "method": "magnitude",
      "sparsity": 0.3,
      "alpha": null
    },
    {
      "mean_dice": 0.8957046066804887,
      "std_dice": 0.08062451907994925,
      "mean_iou": 0.819499406600416,
      "std_iou": 0.11573519372397742,
      "mean_boundary_f1": 0.3871619685584406,
      "std_boundary_f1": 0.16877772135886263,
      "mean_hd95": 11.880461404741778,
      "std_hd95": 18.62324116909584,
      "kept_heads": 101,
      "total_heads": 144,
      "head_sparsity": 0.29861111111111116,
      "method": "reset_only",
      "sparsity": 0.3,
      "alpha": 0.0
    },
    {
      "mean_dice": 0.9000671331584207,
      "std_dice": 0.07239334542053703,
      "mean_iou": 0.8254171680378795,
      "std_iou": 0.10871214514337359,
      "mean_boundary_f1": 0.4001148348684493,
      "std_boundary_f1": 0.1760352234900189,
      "mean_hd95": 10.75415972105861,
      "std_hd95": 16.10772862859854,
      "kept_heads": 101,
      "total_heads": 144,
      "head_sparsity": 0.29861111111111116,
      "method": "dual_a0.2",
      "sparsity": 0.3,
      "alpha": 0.2
    },
    {
      "mean_dice": 0.8986556575612419,
      "std_dice": 0.07774107917942355,
      "mean_iou": 0.8239625969472332,
      "std_iou": 0.11399340670142542,
      "mean_boundary_f1": 0.4012552885020451,
      "std_boundary_f1": 0.18173773688660438,
      "mean_hd95": 11.03225551900019,
      "std_hd95": 16.426729456074657,
      "kept_heads": 101,
      "total_heads": 144,
      "head_sparsity": 0.29861111111111116,
      "method": "dual_a0.5",
      "sparsity": 0.3,
      "alpha": 0.5
    },
    {
      "mean_dice": 0.9008690592093785,
      "std_dice": 0.07170553541354889,
      "mean_iou": 0.8266489219118976,
      "std_iou": 0.10812910456845093,
      "mean_boundary_f1": 0.40764923239831824,
      "std_boundary_f1": 0.1859167625715774,
      "mean_hd95": 11.2048116791688,
      "std_hd95": 17.115206216809657,
      "kept_heads": 101,
      "total_heads": 144,
      "head_sparsity": 0.29861111111111116,
      "method": "dual_a0.8",
      "sparsity": 0.3,
      "alpha": 0.8
    },
    {
      "mean_dice": 0.9009475656894754,
      "std_dice": 0.07250892053197999,
      "mean_iou": 0.8269039832141465,
      "std_iou": 0.10885604369101859,
      "mean_boundary_f1": 0.40829225752210835,
      "std_boundary_f1": 0.1849639454465793,
      "mean_hd95": 11.133520908340133,
      "std_hd95": 17.07290525518192,
      "kept_heads": 101,
      "total_heads": 144,
      "head_sparsity": 0.29861111111111116,
      "method": "zero_only",
      "sparsity": 0.3,
      "alpha": 1.0
    },
    {
      "mean_dice": 0.8623974261540849,
      "std_mean_dice": 0.008382124548728106,
      "std_dice": 0.07624336972941807,
      "std_std_dice": 0.0014746951611751353,
      "mean_iou": 0.7655439161929122,
      "std_mean_iou": 0.012741881742593117,
      "std_iou": 0.11043576862458167,
      "std_std_iou": 0.0014378203937023592,
      "mean_boundary_f1": 0.28725189633551057,
      "std_mean_boundary_f1": 0.019581664481227078,
      "std_boundary_f1": 0.14753402294215237,
      "std_std_boundary_f1": 0.009517088536749934,
      "mean_hd95": 21.175483062307563,
      "std_mean_hd95": 2.185174553057438,
      "std_hd95": 25.72385009103085,
      "std_std_hd95": 4.236737243823571,
      "kept_heads": 72.0,
      "std_kept_heads": 0.0,
      "total_heads": 144.0,
      "std_total_heads": 0.0,
      "head_sparsity": 0.5,
      "std_head_sparsity": 0.0,
      "method": "random",
      "sparsity": 0.5,
      "n_seeds": 3,
      "alpha": null
    },
    {
      "mean_dice": 0.8479995338882799,
      "std_dice": 0.08250664889095019,
      "mean_iou": 0.7443920344666132,
      "std_iou": 0.11634827031581065,
      "mean_boundary_f1": 0.27982866322110245,
      "std_boundary_f1": 0.14890097100316335,
      "mean_hd95": 24.955265061708516,
      "std_hd95": 28.359420501934398,
      "kept_heads": 72,
      "total_heads": 144,
      "head_sparsity": 0.5,
      "method": "magnitude",
      "sparsity": 0.5,
      "alpha": null
    },
    {
      "mean_dice": 0.8664226975801341,
      "std_dice": 0.07341635910458992,
      "mean_iou": 0.7712222655414592,
      "std_iou": 0.10701039284101445,
      "mean_boundary_f1": 0.2838654288250094,
      "std_boundary_f1": 0.1394927889611764,
      "mean_hd95": 19.8233406383316,
      "std_hd95": 25.380318913758607,
      "kept_heads": 72,
      "total_heads": 144,
      "head_sparsity": 0.5,
      "method": "reset_only",
      "sparsity": 0.5,
      "alpha": 0.0
    },
    {
      "mean_dice": 0.8806194596414852,
      "std_dice": 0.07172921572804705,
      "mean_iou": 0.793403849084973,
      "std_iou": 0.10509247404806105,
      "mean_boundary_f1": 0.3174211756165723,
      "std_boundary_f1": 0.1475574038843352,
      "mean_hd95": 15.924001570023526,
      "std_hd95": 22.192263647471815,
      "kept_heads": 72,
      "total_heads": 144,
      "head_sparsity": 0.5,
      "method": "dual_a0.2",
      "sparsity": 0.5,
      "alpha": 0.2
    },
    {
      "mean_dice": 0.8802317337044248,
      "std_dice": 0.07240781202182678,
      "mean_iou": 0.792900559503094,
      "std_iou": 0.1059555823498666,
      "mean_boundary_f1": 0.3198096594145427,
      "std_boundary_f1": 0.1498775475896204,
      "mean_hd95": 15.888420068976677,
      "std_hd95": 21.640232638887905,
      "kept_heads": 72,
      "total_heads": 144,